{
    "test/num_samples": 30.0,
    "test/wer/whisper-large-v3": 0.006334125064313412,
    "test/cer/wav2vec2-base-960h": 0.011039151810109615,
    "test/ss/spkrec-ecapa-voxceleb": 0.8577151894569397,
    "test/dnsmos": 4.048928737640381,
    "test/avg_length_diff": 1.0,
    "test/avg_enroll_duration": 4.725336074829102,
    "test/avg_full_enroll_duration": 11.077678680419922,
    "test/avg_target_duration": 14.734333992004395,
    "test/avg_output_duration": 15.734333992004395,
    "test/rtf": 5.661404793499969e-05,
    "test/latency": NaN
}